PrintNum,Slide,Row,RowPos,Capture,AtomizerFlow,ExhaustFlow,ExhaustFlowDelta,SheathFlow,Speed,NumObjects,RSS,Roughness,NormalizedRoughness,AvgWidth,WidthSD,NormalizedWidthSD,MinWidth,NormalizedMinWidth,Ten90Range,AvgCurv,Error,QualityScore1,QualityScore2,QualityScore3,Pass
1,1,1,1,4,640,670,-30,80,0.5,0,0,0,0,0,0,0,0,0,0,0,1,0,0,0,0
2,1,1,2,5,640,670,-30,80,1.5,1,0,0,0,0,0,0,0,0,0,0,1,0,0,0,0
3,1,1,3,6,640,670,-30,80,2.5,1,0,0,0,0,0,0,0,0,0,0,1,0,0,0,0
4,1,1,4,7,640,670,-30,80,3.5,1,0,0,0,0,0,0,0,0,0,0,1,0,0,0,0
5,1,1,5,8,640,670,-30,80,4.5,1,0,0,0,0,0,0,0,0,0,0,1,0,0,0,0
6,1,1,6,9,640,670,-30,80,5.5,1,0,0,0,0,0,0,0,0,0,0,1,0,0,0,0
7,1,1,7,10,640,670,-30,80,6.5,1,0,0,0,0,0,0,0,0,0,0,1,0,0,0,0
8,1,1,8,11,640,670,-30,80,7.5,1,0,0,0,0,0,0,0,0,0,0,1,0,0,0,0
9,1,2,1,12,645,670,-25,80,0.5,1,7.67615797971911,4.39667558185198,0.230851701195092,19.0454545454545,2.89006160857444,0.151745478254505,10,0.525059665871122,6,0.0484931179576051,0,43.1661671084722,57.5354219855502,36.3031329783253,0
10,1,2,2,13,645,670,-25,80,1.5,3,0,0,0,0,0,0,0,0,0,0,1,0,0,0,0
11,1,2,3,14,645,670,-25,80,2.5,1,0,0,0,0,0,0,0,0,0,0,1,0,0,0,0
12,1,2,4,15,645,670,-25,80,3.5,1,0,0,0,0,0,0,0,0,0,0,1,0,0,0,0
13,1,2,5,16,645,670,-25,80,4.5,1,0,0,0,0,0,0,0,0,0,0,1,0,0,0,0
14,1,2,6,17,645,670,-25,80,5.5,1,0,0,0,0,0,0,0,0,0,0,1,0,0,0,0
15,1,2,7,18,645,670,-25,80,6.5,1,0,0,0,0,0,0,0,0,0,0,1,0,0,0,0
16,1,2,8,19,645,670,-25,80,7.5,1,0,0,0,0,0,0,0,0,0,0,1,0,0,0,0
17,1,3,1,20,650,670,-20,80,0.5,1,5.56120173536104,4.14507815836928,0.103524492035297,40.0395894428152,2.41448291630338,0.0603023894576082,34,0.849159556157762,6,0.0363911955739436,0,53.7892827401478,63.1546584210075,44.7319876315113,1
18,1,3,2,21,650,670,-20,80,1.5,1,6.11475299824114,3.82970371580723,0.121410235869435,31.5434995112414,2.36721996002053,0.0750462059283214,26,0.82425857634262,6,0.0338241341646836,0,54.3356226212421,64.167888745037,46.2518331175555,1
19,1,3,3,22,650,670,-20,80,2.5,1,6.81930842922987,3.8436665395799,0.136008400753714,28.2605083088954,2.50028351168547,0.0884727013525964,20,0.707701354179277,7,0.0415269919659865,0,49.8128689493769,61.1567243057196,41.7350864585794,0
20,1,3,4,23,650,670,-20,80,3.5,1,8.4941088692036,4.66990307960893,0.183000166648405,25.5185728250244,2.80836980204903,0.110051993162213,17,0.666181456015016,7,0.0474318424672018,0,45.7814791082884,58.1614865041026,37.2422297561539,0
21,1,3,5,24,650,670,-20,80,4.5,1,13.7498758219479,5.67033211693123,0.242045847389816,23.4266862170088,4.18417690798746,0.178607288680444,14,0.597609063028103,10,0.0504595424534731,0,40.8398643392413,52.5662294888841,28.8493442333261,0
22,1,3,6,25,650,670,-20,80,5.5,1,10.0748381066505,4.91180703066997,0.203144475131408,24.1788856304985,3.63173514668487,0.150202751366833,12,0.49630078835658,9,0.0481664823032526,0,43.406621280032,55.1720554099662,32.7580831149494,0
23,1,3,7,26,650,670,-20,80,6.5,1,12.2580554234652,5.37859868192851,0.254048362149404,21.1715542521994,3.75787905492336,0.17749660748374,12,0.566798254726782,9,0.0530861365151955,0,39.5821013682152,53.1116909785236,29.6675364677855,0
24,1,3,8,27,650,670,-20,80,7.5,1,13.3140546853356,6.00367166127267,0.3050061385783,19.6837732160313,3.97832767453262,0.202112045839489,7,0.35562287388573,11,0.0621410108511047,0,33.8238922824732,49.3585708011897,24.0378562017845,0
25,1,4,1,28,655,670,-15,80,0.5,1,2.66400001346959,2.68118179238226,0.0472485460945376,56.7463343108504,2.01040660623951,0.0354279554909524,53,0.933981034081807,5,0.0354146924366741,0,55.5212560071153,64.8270805003102,47.2406207504654,1
26,1,4,2,29,655,670,-15,80,1.5,1,3.71770725872461,3.04282442244795,0.06102112021023,49.8651026392962,2.39852933021368,0.0481003588333841,44,0.88238061632557,6,0.0345622840497009,0,55.3138400334803,63.8174742160541,45.7262113240812,1
27,1,4,3,30,655,670,-15,80,2.5,1,5.83163639171855,3.81561619410452,0.0827196610699525,46.1270772238514,2.89531785602759,0.0627682920809575,39,0.845490378909892,8,0.0497166858353421,0,47.0032424782811,57.1100452014607,35.665067802191,0
28,1,4,4,31,655,670,-15,80,3.5,1,7.0865460451072,4.06326054987478,0.0938702515163647,43.2859237536657,3.21820422552941,0.0743475926225758,34,0.78547474679042,7,0.0425322676051705,0,50.016486566286,58.4285633798451,37.6428450697677,0
29,1,4,5,32,655,670,-15,80,4.5,1,6.62628643367052,4.03707494011165,0.101018214508089,39.9638318670577,3.25353473817322,0.0814119814385248,30,0.750678766235355,8,0.0442376545795063,0,48.8105736383206,57.7423326795872,36.6134990193807,0
30,1,4,6,33,655,670,-15,80,5.5,1,8.43810578467309,4.29695975935688,0.113680299829887,37.7986314760508,3.56737705538982,0.0943784712853983,26,0.687855591186511,9,0.0449040033768464,0,47.8290747473069,56.4740753564185,34.7111130346277,0
31,1,4,7,34,655,670,-15,80,6.5,1,7.17353598901723,4.19711828339206,0.117516784692296,35.7150537634409,3.78382068097357,0.1059447006866,24,0.671985548697877,9,0.048612360525538,0,45.396584702901,54.5164775549088,31.7747163323632,0
32,1,4,8,35,655,670,-15,80,7.5,1,7.8122030298827,4.48498894918344,0.134537832302573,33.336265884653,3.54383303812856,0.106305638741621,22,0.659941940591737,9,0.0514830371962741,0,43.9431994647819,54.3595441408134,31.5393162112202,0
33,1,5,1,36,660,670,-10,80,0.5,1,0.609568538559371,0.852773310629697,0.0118124801534695,72.1925708699902,1.17848003660924,0.016324117875391,68,0.941925175686837,2.90000000000009,0.0180612401549529,0,65.153174028754,73.3846531596516,60.0769797394773,1
34,1,5,2,37,660,670,-10,80,1.5,1,2.13646882360908,2.2948298613799,0.0369589015686779,62.0913978494624,2.30041014756443,0.0370487736987604,56,0.901896268075158,6,0.0343183412732899,0,55.988390678417,64.225852417022,46.3387786255329,1
35,1,5,3,38,660,670,-10,80,2.5,1,2.45302936651235,1.99194193376388,0.0338993312190653,58.7605083088954,2.32185840239283,0.0395139264314591,51,0.867929864253394,6,0.0325304466741395,0,56.7590803413573,64.7503231006441,47.1254846509661,1
36,1,5,4,39,660,670,-10,80,3.5,1,3.963043842713,3.2382972664876,0.0589179238376015,54.9628543499511,3.05349028163628,0.0555555259593062,48,0.873317089654437,7,0.0390751912170674,0,52.684628093501,60.1299686555233,40.1949529832849,1
37,1,5,5,40,660,670,-10,80,4.5,1,3.48463735961875,2.60482987093526,0.0506219786847791,51.4565004887586,2.75925901107885,0.0536231376963083,44,0.855091185410334,7,0.0368265717442075,0,53.9055572430809,61.860279381668,42.790419072502,1
38,1,5,6,41,660,670,-10,80,5.5,1,4.05960856954591,3.02171081737818,0.0628614166990926,48.069403714565,2.85716571586043,0.0594383432094605,38,0.790523640061007,7,0.0430554412890573,0,50.5003621949983,59.4576338507794,39.1864507761692,0
39,1,5,7,42,660,670,-10,80,6.5,1,6.26421025985141,3.68357398600517,0.0815048706078488,45.1945259042033,3.70716472039221,0.0820268527265916,34,0.752303499589047,9,0.0469486322379632,0,47.4243412446888,55.3265735193716,32.9898602790573,0
40,1,5,8,43,660,670,-10,80,7.5,1,7.98919461455283,4.49216457451252,0.100477394635057,44.708211143695,4.22883350211951,0.0945874011493722,32,0.715752189170575,11,0.0491818734816686,0,45.6796932016971,52.8432638323788,29.2648957485681,0
41,1,6,1,44,665,670,-5,80,0.5,1,1.88458122039553,2.24973507661991,0.0280613414868095,80.1720430107527,2.2161268069664,0.0276421396255198,75,0.935488197424893,5,0.0256361658711211,0,60.7998100831635,67.4008553530716,51.1012830296074,1
42,1,6,2,45,665,670,-5,80,1.5,1,2.63338898348317,2.7373517599608,0.0377578487216328,72.4975562072336,2.57232665900047,0.0354815637046785,66,0.910375514056496,7,0.0329199707236857,0,56.7659364529232,63.7855875621032,45.6783813431548,1
43,1,6,3,46,665,670,-5,80,2.5,1,3.5394613761422,2.78508144542579,0.0409185520314031,68.064027370479,2.94170022311478,0.0432196027293951,56,0.82275472321358,7,0.0287427992872897,0,58.4676202198854,63.9467328271875,45.9200992407813,1
44,1,6,4,47,665,670,-5,80,3.5,1,2.93273443477495,2.58229060064272,0.0382406508994217,67.5273704789834,2.74240157215748,0.0406117038573418,61,0.903337410702007,6.89999999999998,0.0369838545044284,0,54.4774875549187,61.8640432579989,42.7960648869984,1
45,1,6,5,48,665,670,-5,80,4.5,1,4.38178087374666,3.38625064379481,0.0523904389434918,64.6348973607038,3.27547516689136,0.0506765741208209,57,0.881876545450421,9,0.0383022074535048,0,53.3150675672065,59.6476802925272,39.4715204387908,1
46,1,6,6,49,665,670,-5,80,5.5,1,4.67630301807248,3.14263532114255,0.0507364622982535,61.9403714565005,3.35311593348929,0.0541345790256378,52,0.839517083563481,8,0.0409912274926776,0,51.7976573023793,58.4925377241432,37.7388065862148,0
47,1,6,7,50,665,670,-5,80,6.5,1,4.99365163762957,3.57065547156362,0.0602833727612629,59.2311827956989,3.41030012787268,0.0575760936538367,49,0.82726695107561,9,0.0425276177415211,0,50.8573864465476,57.7897936599173,36.684690489876,0
48,1,6,8,0,665,670,-5,80,7.5,0,0,0,0,0,0,0,0,0,0,0,1,0,0,0,0
49,2,1,1,53,860,880,-20,80,0.5,1,9.40162035127462,5.08009381488707,0.435327188191445,11.6695992179863,2.8206927543347,0.241712907328229,4,0.342770983414307,7,0.0549780076449669,0,35.4253508111051,55.6050216038954,33.4075324058431,0
50,2,1,2,54,860,880,-20,80,1.5,1,0,0,0,0,0,0,0,0,0,0,1,0,0,0,0
51,2,1,3,55,860,880,-20,80,2.5,1,0,0,0,0,0,0,0,0,0,0,1,0,0,0,0
52,2,1,4,56,860,880,-20,80,3.5,1,0,0,0,0,0,0,0,0,0,0,1,0,0,0,0
53,2,1,5,57,860,880,-20,80,4.5,1,0,0,0,0,0,0,0,0,0,0,1,0,0,0,0
54,2,1,6,58,860,880,-20,80,5.5,1,0,0,0,0,0,0,0,0,0,0,1,0,0,0,0
55,2,1,7,59,860,880,-20,80,6.5,1,0,0,0,0,0,0,0,0,0,0,1,0,0,0,0
56,2,1,8,60,860,880,-20,80,7.5,1,0,0,0,0,0,0,0,0,0,0,1,0,0,0,0
57,2,2,1,61,865,880,-15,80,0.5,1,5.57942244909884,3.695737050765,0.0953840856505942,38.7458455522972,2.11223466957666,0.0545151264469289,33,0.851704215758004,5,0.0324567792256895,0,56.0458540648088,65.473624692848,48.210437039272,1
58,2,2,2,62,865,880,-15,80,1.5,1,10.2727480016179,4.87705835194253,0.253504938470464,19.238514173998,3.37990647308348,0.175684381990976,8,0.415832528834917,8.90000000000009,0.0501202785848179,0,41.1556416080423,55.3602188947824,33.0403283421737,0
59,2,2,3,63,865,880,-15,80,2.5,1,0,0,0,0,0,0,0,0,0,0,1,0,0,0,0
60,2,2,4,64,865,880,-15,80,3.5,1,0,0,0,0,0,0,0,0,0,0,1,0,0,0,0
61,2,2,5,65,865,880,-15,80,4.5,3,0,0,0,0,0,0,0,0,0,0,1,0,0,0,0
62,2,2,6,66,865,880,-15,80,5.5,5,0,0,0,0,0,0,0,0,0,0,1,0,0,0,0
63,2,2,7,67,865,880,-15,80,6.5,5,0,0,0,0,0,0,0,0,0,0,1,0,0,0,0
64,2,2,8,68,865,880,-15,80,7.5,4,0,0,0,0,0,0,0,0,0,0,1,0,0,0,0
65,2,3,1,69,870,880,-10,80,0.5,1,4.1078534540175,3.0388388663859,0.0537619701216238,56.5239491691105,2.28060028244117,0.0403475043050864,52,0.919964028776978,5,0.0278000073113653,0,59.0826211290631,66.4646632880743,49.6969949321115,1
66,2,3,2,70,870,880,-10,80,1.5,1,6.43630952194837,3.97141120790728,0.0998158261946845,39.7873900293255,3.41494734377578,0.085829890858857,31,0.779141330385111,9,0.0380690910085992,0,51.6739599527575,59.260478517881,38.8907177768215,1
67,2,3,3,71,870,880,-10,80,2.5,1,8.45603473800844,4.89753461203655,0.119432131301869,41.0068426197458,3.68024556713111,0.0897471088241986,33,0.804743742550656,10,0.0407937511816748,0,50.1157689679527,57.4679310490047,36.201896573507,0
68,2,3,4,72,870,880,-10,80,3.5,1,7.51948697312667,4.26944021618129,0.10173502768721,41.966275659824,3.38980731798578,0.0807745568242305,34,0.810174347507075,8,0.0409486167607365,0,50.4869637784202,58.3844366864686,37.5766550297029,0
69,2,3,5,73,870,880,-10,80,4.5,1,13.1855714648952,5.46761389316489,0.136182823366186,40.1490713587488,4.73759005491208,0.117999990898413,27,0.672493761032321,12,0.0608601447270031,0,38.6699280915778,47.2546515746254,20.881977361938,0
70,2,3,6,74,870,880,-10,80,5.5,1,11.05695265207,4.99948783072422,0.14451754876606,34.594330400782,4.28514772992835,0.123868497533673,21,0.607035885843459,10,0.0516314493692518,0,42.9908504386905,51.8390244438216,27.7585366657324,0
71,2,3,7,75,870,880,-10,80,6.5,1,11.3988299355049,5.61145844978979,0.168625620366447,33.27761485826,4.30671930577471,0.129417908228051,22,0.661105072995917,11,0.0555653981636924,0,40.7464055067513,50.4558029261868,25.6837043892803,0
72,2,3,8,76,870,880,-10,80,7.5,1,13.4567420158892,5.95215421646227,0.184841653920251,32.2013685239492,4.96230466254131,0.154102290989611,18,0.558982454010078,13,0.0589343755234009,0,37.827697688819,47.1475259503953,20.721288925593,0
73,2,4,1,77,875,880,-5,80,0.5,1,3.63622432694871,3.28464189716673,0.0489324109625974,67.1260997067449,2.15300623120754,0.032074055257395,61,0.9087374399301,6,0.0288061936881062,0,58.9932003930772,66.5545813332728,49.8318719999092,1
74,2,4,2,78,875,880,-5,80,1.5,1,3.16680060064638,2.73870432639712,0.0428984003353889,63.841642228739,2.63460997536711,0.0412678916674408,58,0.908497932935232,7,0.0317197625704557,0,57.0767241314001,63.9780458919577,45.9670688379366,1
75,2,4,3,79,875,880,-5,80,2.5,1,3.58970574051216,2.75845007639539,0.0466282395306018,59.158357771261,2.95265758888808,0.0499110810395496,53,0.895900461012244,8,0.0372120003380847,0,53.8984457789802,61.0871412576782,41.6307118865173,1
76,2,4,4,80,875,880,-5,80,3.5,1,4.65244841817996,3.44048038802553,0.0620283288736759,55.466275659824,3.51129320352748,0.0633050112299287,46,0.829332769377181,9,0.0415005422524008,0,51.0844783123032,57.7955085707748,36.6932628561622,0
77,2,4,5,81,875,880,-5,80,4.5,1,6.26504448203622,4.05279739022999,0.0789648835853171,51.3240469208211,3.82503379926552,0.0745271277061705,40,0.779361768991229,9,0.0428626162280067,0,49.8423355006881,56.295681926446,34.4435228896691,0
78,2,4,6,82,875,880,-5,80,5.5,1,6.342866337897,3.65996737787491,0.0721888448611042,50.6999022482893,3.81463787182081,0.0752395508208208,37,0.729784444530135,10,0.0463836708178858,0,48.0461870500161,55.1566501546354,32.734975231953,0
79,2,4,7,83,875,880,-5,80,6.5,1,7.80256803821468,4.24003443765061,0.0890101830398838,47.6353861192571,4.40048886176036,0.0923785702238996,35,0.734747901746322,10,0.0452967760202644,0,47.7326834786728,53.5661117873773,30.349167681066,0
80,2,4,8,84,875,880,-5,80,7.5,1,9.4143896808352,4.79358431538929,0.105075836566564,45.6202346041056,4.68227277933929,0.102635876820281,33,0.723363224375663,12,0.0492607593775285,0,45.2378264702217,51.3055042763595,26.9582564145393,0
81,2,5,1,85,880,880,0,80,0.5,1,1.66495779576341,2.04147424486085,0.0239812157234533,85.128054740958,2.07823152884045,0.0244130038582985,80,0.939760696323175,6,0.0302613229298234,0,58.6486883421734,66.3187872605907,49.4781808908861,1
82,2,5,2,86,880,880,0,80,1.5,1,3.73044465680395,2.86716373841524,0.0391757568655049,73.1871945259042,3.44721314722989,0.047101315599818,65,0.888133510528179,9,0.03322769465363,0,56.0310868931941,60.7667246246904,41.1500869370356,1
83,2,5,3,87,880,880,0,80,2.5,1,3.57224341139826,2.78331943023075,0.039687164550956,70.1314760508309,3.21302612673989,0.0458143234346174,61,0.869794897169818,9,0.0332792475284086,0,56.0696600640648,61.5301637347308,42.2952456020962,1
84,2,5,4,88,880,880,0,80,3.5,1,3.4503087296491,2.66176618134803,0.0399478724466766,66.6309872922776,3.02801874315283,0.045444602672183,59,0.885473897320413,8,0.0395575904894452,0,52.9489746216683,60.0540740263422,40.0811110395133,1
85,2,5,5,89,880,880,0,80,4.5,1,4.98748340657799,3.55835672016735,0.0556809673998287,63.9061583577713,3.84211524900626,0.0601212050252907,50,0.782397209985316,10,0.0424109815911396,0,50.7884489531657,56.3892886395993,34.5839329593989,0
86,2,5,6,90,880,880,0,80,5.5,1,5.45798902759604,3.42963787912232,0.0563400383842717,60.8739002932551,3.91895065265263,0.0643781757661888,48,0.788515271220734,9,0.0393767435487336,0,52.0927194373238,57.1445833082467,35.71687496237,1
87,2,5,7,91,880,880,0,80,6.5,1,6.05376315072644,3.61737562934232,0.0616983630603832,58.6300097751711,4.07454483334352,0.0694958921031773,47,0.801637253349117,11,0.0422798154416843,0,50.385297673999,55.6582454082935,33.4873681124403,0
88,2,5,8,92,880,880,0,80,7.5,1,6.34444423708718,3.6871400601416,0.0636690289405475,57.911045943304,4.25885014738007,0.0735412403283056,47,0.811589554884121,11,0.0456150630084353,0,48.5154064793671,53.932145172588,30.898217758882,0
89,2,6,1,93,885,880,5,80,0.5,5,99.979822414327,10.410184952645,1.04939393985489,9.92018779342723,4.48669058632277,0.452278795497752,-3,-0.30241362991008,9.2,0.0674579391230974,0,0,12.5583850045583,0,0
90,2,6,2,94,885,880,5,80,1.5,1,2.91720210192563,2.89100110938161,0.0343718810712819,84.1094819159335,2.9809071370674,0.0354407977455714,77,0.915473478685324,8,0.0328430831938102,0,56.8064185158163,62.4492818118386,43.6739227177579,1
91,2,6,3,95,885,880,5,80,2.5,1,4.12464976123993,3.31695012751679,0.0413003892459795,80.3128054740958,3.61860206812277,0.0450563524304965,70,0.871592015579357,10,0.038042723280299,0,53.7258207383257,58.5904186794911,37.8856280192367,1
92,2,6,4,96,885,880,5,80,3.5,1,3.22528424991722,2.664928539964,0.035128556655755,75.8621700879765,3.06451669508896,0.0403958480430374,68,0.896362441532336,7,0.0361108333649835,0,54.9247909153564,61.0813332280423,41.6219998420635,1
93,2,6,5,97,885,880,5,80,4.5,1,4.80662605941142,3.47890168356537,0.0472697576991131,73.5967741935484,3.75055586489331,0.0509608730272596,66,0.896778435239974,10,0.0377547801228254,0,53.5745662872243,58.2465537427471,37.3698306141207,1
94,2,6,6,98,885,880,5,80,5.5,1,5.95372338468055,3.69032248509119,0.0518838674076383,71.1265884652981,4.21176682039532,0.0592150827316875,61,0.857625837484968,12,0.0373759540238498,0,53.3512688514907,56.835459257399,35.2531888860985,1
95,2,6,7,99,885,880,5,80,6.5,1,6.41682218802991,3.95480010587377,0.0583542788696092,67.772238514174,4.39570045251797,0.0648598976349091,51,0.752520517517417,11,0.0438472831213853,0,49.8333635575619,54.065237451145,31.0978561767175,0
96,2,6,8,100,885,880,5,80,7.5,1,6.49611366966045,3.96003359677564,0.0597298061084791,66.2991202346041,4.38372955372552,0.0661204784952407,56,0.844656758669498,12,0.0423884989280928,0,50.4997266111916,54.591401844884,31.887102767326,0
97,3,1,1,101,870,880,-10,80,0.5,4,101.461969217052,4.02763086354993,0.0833859461954906,48.3010752688172,8.40481110430076,0.174008778428311,40,0.828138913624221,8,0.0606074407539267,0,0,1.78148273435522,0,0
98,3,1,2,102,870,880,-10,80,1.5,1,2.66127771814017,2.44626713641,0.0552093911169128,44.3088954056696,2.74870746273682,0.0620351159190736,34,0.767340275326509,6,0.0349540494920363,0,54.4212194580282,62.5196252935318,43.7794379402977,1
99,3,1,3,103,870,880,-10,80,2.5,1,3.30623620699994,2.35004285595523,0.0582591715026402,40.3377321603128,3.03537634787095,0.0752490580235786,29,0.718929856659922,7,0.0371246047635125,0,52.6752447170648,60.8405439192593,41.260815878889,1
100,3,1,4,104,870,880,-10,80,3.5,1,4.18922959138374,2.94247125497713,0.084296622527699,34.9061583577713,3.24048220057911,0.0928341116019051,25,0.716205998487776,8,0.0433746882527926,0,48.6709502935085,58.0734965804721,37.1102448707082,0
101,3,1,5,105,870,880,-10,80,4.5,1,7.06468447785547,3.83224831801126,0.117396278708336,32.6436950146628,4.27554904555238,0.130976258773154,20,0.612675740017069,12,0.0459695966666211,0,45.4663887280318,53.7583042926184,30.6374564389275,0
102,3,1,6,106,870,880,-10,80,5.5,1,8.51836669031419,4.45505905713077,0.147140356926609,30.27761485826,4.52476557960419,0.149442603084364,18,0.594498611738878,12,0.0519172170513563,0,41.5692613201037,50.9450423842006,26.4175635763009,0
103,3,1,7,107,870,880,-10,80,6.5,1,8.77483979056508,4.71362570936881,0.161941097868598,29.1070381231672,4.82777004874235,0.165862635295062,16,0.549695229459473,12,0.0548681350413835,0,39.2728007145551,48.9513881570643,23.4270822355965,0
104,3,1,8,108,870,880,-10,80,7.5,1,9.99197595447408,4.76639204455872,0.16757518898818,28.4433040078201,5.32259671836598,0.187130043573791,11,0.386734255520234,13.9,0.0594700092871023,0,35.9084931777593,45.7680078430793,18.652011764619,0
105,3,2,1,109,870,880,-10,90,0.5,1,6.272142418468,3.7945150110508,0.121268005507809,31.2903225806452,3.47984405034439,0.111211510887295,22,0.703092783505155,9,0.0843392674317095,0,27.2697907397805,43.6207640216155,15.4311460324233,0
106,3,2,2,110,870,880,-10,90,1.5,1,3.47010466092654,2.83762609540681,0.153364935312826,18.5024437927664,2.78780857763645,0.150672452183119,10,0.540469146238377,6,0.0481101275635331,0,43.4113136090775,58.0039288867008,37.0058933300512,0
107,3,2,3,111,870,880,-10,90,2.5,1,2.9601467035743,2.62684359439631,0.162161602574748,16.1989247311828,2.55808203236476,0.157916779960121,9,0.555592432791238,7,0.0444015218489803,0,44.9034000775038,60.0058859424573,40.008828913686,0
108,3,2,4,112,870,880,-10,90,3.5,1,0,0,0,0,0,0,0,0,0,0,1,0,0,0,0
109,3,2,5,113,870,880,-10,90,4.5,2,64.2900953846068,0,0,0,0,0,0,0,0,0,1,0,0,0,0
110,3,2,6,114,870,880,-10,90,5.5,7,41.9271481112909,0,0,0,0,0,0,0,0,0,1,0,0,0,0
111,3,2,7,115,870,880,-10,90,6.5,2,0,0,0,0,0,0,0,0,0,0,1,0,0,0,0
112,3,2,8,116,870,880,-10,90,7.5,1,0,0,0,0,0,0,0,0,0,0,1,0,0,0,0
113,3,3,1,117,870,880,-10,100,0.5,1,6.53134964905403,3.84697605130867,0.133441492624738,28.8289345063539,3.55303011817342,0.123245280445253,20,0.693747456937475,10,0.0995933108791738,0,19.0410805381505,38.2921293130307,7.43819396954603,0
114,3,3,2,118,870,880,-10,100,1.5,1,3.31324979546336,2.72922107270795,0.17936484372223,15.2160312805474,2.708901759079,0.17802945519323,4,0.262880637286393,7,0.0447419938752714,0,43.7275303027028,59.3896628446462,39.0844942669693,0
115,3,3,3,119,870,880,-10,100,2.5,2,0,0,0,0,0,0,0,0,0,0,1,0,0,0,0
116,3,3,4,120,870,880,-10,100,3.5,4,0,0,0,0,0,0,0,0,0,0,1,0,0,0,0
117,3,3,5,121,870,880,-10,100,4.5,1,0,0,0,0,0,0,0,0,0,0,1,0,0,0,0
118,3,3,6,122,870,880,-10,100,5.5,2,0,0,0,0,0,0,0,0,0,0,1,0,0,0,0
119,3,3,7,123,870,880,-10,100,6.5,2,0,0,0,0,0,0,0,0,0,0,1,0,0,0,0
120,3,3,8,124,870,880,-10,100,7.5,1,0,0,0,0,0,0,0,0,0,0,1,0,0,0,0
121,3,4,1,125,870,880,-10,110,0.5,1,3.43249971824803,2.81308640276569,0.127063045677608,22.1392961876833,2.60667758132137,0.117739857637008,15,0.67752831313332,7,0.0439442594041161,0,47.1408774160916,59.9963215942234,39.9944823913351,0
122,3,4,2,126,870,880,-10,110,1.5,1,5.78113329395792,3.75003129392491,0.349117897227572,10.7414467253177,3.13277690059416,0.291653161879039,2,0.186194658051599,7,0.0464308413378198,0,37.2019212371381,57.4137965520795,36.1206948281193,0
123,3,4,3,127,870,880,-10,110,2.5,5,0,0,0,0,0,0,0,0,0,0,1,0,0,0,0
124,3,4,4,128,870,880,-10,110,3.5,1,0,0,0,0,0,0,0,0,0,0,1,0,0,0,0
125,3,4,5,129,870,880,-10,110,4.5,1,0,0,0,0,0,0,0,0,0,0,1,0,0,0,0
126,3,4,6,130,870,880,-10,110,5.5,1,0,0,0,0,0,0,0,0,0,0,1,0,0,0,0
127,3,4,7,131,870,880,-10,110,6.5,1,0,0,0,0,0,0,0,0,0,0,1,0,0,0,0
128,3,4,8,132,870,880,-10,110,7.5,1,0,0,0,0,0,0,0,0,0,0,1,0,0,0,0
129,3,5,1,133,870,880,-10,120,0.5,1,5.12024088393068,3.49674925396237,0.118622313529762,29.4780058651026,2.60997805721317,0.0885398445592608,24,0.8141663350577,6,0.0340166571223883,0,53.5646792108428,63.2945207684933,44.94178115274,1
130,3,5,2,134,870,880,-10,120,1.5,1,4.9161716801911,3.48308790296299,0.137519496911721,25.3279569892473,2.12067951238211,0.0837288026540166,19,0.750159201867969,6,0.0347521416151949,0,53.4374890597017,64.680354420328,47.020531630492,1
131,3,5,3,135,870,880,-10,120,2.5,1,5.59653168318334,3.76844597713009,0.188740556392944,19.966275659824,2.46547535258305,0.123481985052628,13,0.651097892340457,6,0.0401731552819609,0,48.7393231063881,61.7240303974029,42.5860455961043,0
132,3,5,4,136,870,880,-10,120,3.5,1,9.49095718672466,4.9865985557973,0.304600108827027,16.3709677419355,3.7052421388509,0.226330061683503,5,0.305418719211823,10,0.0487154025249458,0,39.3257956533519,54.7440586955151,32.1160880432726,0
133,3,5,5,137,870,880,-10,120,4.5,2,61.6477966454987,0,0,0,0,0,0,0,0,0,1,0,0,0,0
134,3,5,6,138,870,880,-10,120,5.5,5,0,0,0,0,0,0,0,0,0,0,1,0,0,0,0
135,3,5,7,139,870,880,-10,120,6.5,5,36.4694587715981,2.52592313777441,0.193090581070025,13.0815450643777,2.18877489329551,0.16731776579326,6,0.458661417322835,4,1.6696768160191,0,-0,-513.854854984018,-0,0
136,3,5,8,140,870,880,-10,120,7.5,3,0,0,0,0,0,0,0,0,0,0,1,0,0,0,0
137,3,6,1,141,870,880,-10,130,0.5,1,5.48081537050572,3.8520289452084,0.134212922276087,28.7008797653959,1.73429923792328,0.0604266925648145,24,0.836211300705017,4,0.0348569174451695,0,54.5502066491745,65.9333633918659,48.9000450877988,1
138,3,6,2,142,870,880,-10,130,1.5,1,7.93321621225734,4.39252137303404,0.278160844632383,15.7913000977517,2.63768858042524,0.167034288760099,8,0.506608065864001,6,0.0390857105121446,0,47.1054303059227,61.5124678945343,42.2687018418015,0
139,3,6,3,143,870,880,-10,130,2.5,1,12.4475566088543,5.54211397868568,0.456451380741925,12.1417399804497,3.53071714012248,0.290791694255317,3,0.24708155543032,9,0.0449174909993841,0,38.0016697875421,56.5917791997971,34.8876687996956,0
140,3,6,4,144,870,880,-10,130,3.5,6,18.4124445803066,2.50028306615256,0.278447138251203,8.97938144329897,2.83566984143113,0.315797904269597,-1,-0.111366245694604,7.1,1.28132090512122,0,-0,-386.55920117851,-0,0
141,3,6,5,145,870,880,-10,130,4.5,1,0,0,0,0,0,0,0,0,0,0,1,0,0,0,0
142,3,6,6,146,870,880,-10,130,5.5,2,20.7326496367824,0,0,0,0,0,0,0,0,0,1,0,0,0,0
143,3,6,7,147,870,880,-10,130,6.5,1,0,0,0,0,0,0,0,0,0,0,1,0,0,0,0
144,3,6,8,148,870,880,-10,130,7.5,1,0,0,0,0,0,0,0,0,0,0,1,0,0,0,0
